<?xml version="1.0" encoding="UTF-8"?><metadata>
    <idinfo>
        <citation>
            <citeinfo>
                <origin/>
                <origin/>
                <origin/>
                <origin/>
                <pubdate>20101005</pubdate>
                <title>HYDRO_Lakes_and_Ponds_5k</title>
                <edition>2010</edition>
                <geoform>vector digital data</geoform>
                <pubinfo>
                    <pubplace/>
                    <publish>RIDEM</publish>
                </pubinfo>
                <othercit>Suggested bibliographic reference: RIGIS, 2010. Lakes and Ponds (1:5000); lakes5k10. Rhode Island Geographic Information System (RIGIS) Data Distribution System, URL: http://www.rigis.org, Environmental Data Center, University of Rhode Island, Kingston, Rhode Island (last date accessed: 02 October 2014).</othercit>
                <onlink>http://www.rigis.org</onlink>
                <onlink>https://data.rigis.org/hydro/lakes5k10.zip</onlink>
                <lworkcit>
                    <citeinfo>
                        <pubdate>19930101</pubdate>
                        <title>Rhode Island Geographic Information System (RIGIS) Data Distribution System</title>
                    </citeinfo>
                </lworkcit>
            </citeinfo>
        </citation>
        <descript>
            <abstract>Lakes and ponds in Rhode Island as identified and delineated from 1997 1:5000 orthophotography with feature attribute names for major water bodies. Inventory, mapping and graphic map display of surface water resources. Features consistent with RIGIS 1:5000 scale orthophotography base with a nominal accuracy of 10 to 15 feet.</abstract>
            <purpose>Lakes and ponds in Rhode Island as identified and delineated from 1997 1:5000 orthophotography.</purpose>
            <supplinf>Features consistent with RIGIS 1:5000 scale orthophotography base with a nominal accuracy of 10 to 15 feet.</supplinf>
        </descript>
        <timeperd>
            <timeinfo>
                <sngdate>
                    <caldate>19970427</caldate>
                </sngdate>
            </timeinfo>
            <current>ground condition</current>
        </timeperd>
        <status>
            <progress>Complete</progress>
            <update>None planned</update>
        </status>
        <spdom>
            <bounding>
                <westbc>-71.922704</westbc>
                <eastbc>-71.101449</eastbc>
                <northbc>42.043861</northbc>
                <southbc>41.146767</southbc>
            </bounding>
        </spdom>
        <keywords>
            <theme>
                <themekt>ISO 19115 Topic Category</themekt>
                <themekey>inlandWaters</themekey>
            </theme>
            <theme>
                <themekt>None</themekt>
                <themekey>ponds</themekey>
                <themekey>Inland Water bodies</themekey>
                <themekey>reservoirs</themekey>
                <themekey>lakes</themekey>
            </theme>
            <place>
                <placekt>None</placekt>
                <placekey>Northeast</placekey>
                <placekey>New England</placekey>
                <placekey>United States</placekey>
                <placekey>Rhode Island</placekey>
            </place>
        </keywords>
        <accconst>Other Constraints</accconst>
        <useconst>These data are shared under the RIGIS license
agreement, which can be viewed below: 
This dataset is provided 'as is.’ The producer(s) of this dataset, contributors
to this dataset, the Rhode Island Geographic Information System (RIGIS) consortium,
the State of Rhode Island, and the University of Rhode Island do not make any
warranties of any kind for this dataset, and are not liable for any loss or
damage however and whenever caused by any use of this dataset.

Please acknowledge both RIGIS and the primary producer(s) of this dataset in
any derived products.  Versions of the RIGIS logo suitable for both
printed and web-based products are available at http://www.rigis.org/logos.</useconst>
        <ptcontac>
            <cntinfo>
                <cntorgp>
                    <cntorg>RI Department of Environmental Management</cntorg>
                    <cntper>Paul Jordan</cntper>
                </cntorgp>
                <cntpos>Supervising GIS Specialist</cntpos>
                <cntaddr>
                    <addrtype>mailing and physical</addrtype>
                    <address>265 Promenade Street</address>
                    <city>Providence</city>
                    <state>RI</state>
                    <postal>02908</postal>
                    <country>US</country>
                </cntaddr>
                <cntvoice>401 222-2776 ext 4315</cntvoice>
                <cntemail>paul.jordan@dem.ri.gov</cntemail>
            </cntinfo>
        </ptcontac>
        <datacred>URI EDC, RIGIS; RI Dept. of Environmental Management; National Grid USA; Microdata GIS; RI Water Resources Board</datacred>
        <native>Esri ArcGIS 10.4.1.5686</native>
        <crossref>
            <citeinfo>
                <pubdate>19970427</pubdate>
                <title>RIGIS/RIDOT Orthophotography of Rhode Island</title>
            </citeinfo>
        </crossref>
    </idinfo>
    <dataqual>
        <attracc>
            <attraccr>Names were compared with local sources for features where feature name attributes are included</attraccr>
        </attracc>
        <logic>Digital vector data set was visually inspected with source 1997 orthophotography</logic>
        <complete>Topologically complete ESRI ArcInfo polygon coverage</complete>
        <lineage>
            <procstep>
                <procdesc>Lakes and ponds in Rhode Island as identified and delineated from 1997 1:5000 orthophotography with feature attribute names for major water bodies.</procdesc>
            </procstep>
            <procstep>
                <procdesc>Polygons that did not represent actual waterbodies, such as islands, were removed from dataset. Some waterbody names updated.</procdesc>
                <procdate>20100101</procdate>
                <proccont>
                    <cntinfo>
                        <cntorgp>
                            <cntorg>RI Department of Environmental Management</cntorg>
                            <cntper>Paul Jordan</cntper>
                        </cntorgp>
                        <cntpos>Supervising GIS Specialist</cntpos>
                        <cntaddr>
                            <addrtype>mailing and physical</addrtype>
                            <address>265 Promenade Street</address>
                            <city>Providence</city>
                            <state>RI</state>
                            <postal>02908</postal>
                            <country>US</country>
                        </cntaddr>
                        <cntvoice>401 222-2776 ext 4315</cntvoice>
                        <cntemail>paul.jordan@dem.ri.gov</cntemail>
                    </cntinfo>
                </proccont>
            </procstep>
            <procstep>
                <procdesc>Metadata content and formatting updated, including citation and distribution information updated for redistribution via the Rhode Island Geographic Information System.</procdesc>
                <procdate>20110103</procdate>
                <proccont>
                    <cntinfo>
                        <cntorgp>
                            <cntorg>University of Rhode Island Environmental Data Center</cntorg>
                            <cntper>Greg Bonynge</cntper>
                        </cntorgp>
                        <cntaddr>
                            <addrtype>mailing and physical</addrtype>
                            <address>1 Greenhouse Road</address>
                            <city>Kingston</city>
                            <state>RI</state>
                            <postal>02881</postal>
                        </cntaddr>
                        <cntvoice>401-874-2180</cntvoice>
                        <cntemail>greg@edc.uri.edu</cntemail>
                        <cntinst>email preferred</cntinst>
                    </cntinfo>
                </proccont>
            </procstep>
            <procstep>
                <procdesc>It was brought to my attention that two of the ponds within Richmond were mis-named. This information was verified against the Lakes, Ponds and Reservoirs IWQMA dataset (also hosted by RIGIS), two plat maps from the town of Richmond, and Google Maps. Alton Pond was renamed to Meadowbrook Pond, and one segment of the Wood River was cut, creating two new polygons so that a third portion could be renamed from Wood River, to Alton Pond.</procdesc>
                <procdate>20170106</procdate>
                <proccont>
                    <cntinfo>
                        <cntorgp>
                            <cntorg>Environmental Data Center, University of Rhode Island</cntorg>
                            <cntper>Erica Tefft</cntper>
                        </cntorgp>
                        <cntaddr>
                            <addrtype>mailing and physical</addrtype>
                            <address>1 Greenhouse Road</address>
                            <city>Kingston</city>
                            <state>RI</state>
                            <postal>02898</postal>
                        </cntaddr>
                        <cntvoice>401-874-5054</cntvoice>
                        <cntemail>erica@edc.uri.edu</cntemail>
                        <cntinst>email preferred</cntinst>
                    </cntinfo>
                </proccont>
            </procstep>
        </lineage>
    </dataqual>
    <spdoinfo>
        <direct>Vector</direct>
        <ptvctinf>
            <sdtsterm>
                <sdtstype>GT-polygon composed of chains</sdtstype>
                <ptvctcnt>5231</ptvctcnt>
            </sdtsterm>
        </ptvctinf>
    </spdoinfo>
    <eainfo>
        <detailed>
            <enttyp>
                <enttypl>HYDRO_Lakes_and_Ponds_5k</enttypl>
            </enttyp>
            <attr>
                <attrlabl>OBJECTID</attrlabl>
                <attrdef>Internal feature number.</attrdef>
                <attrdefs>Esri</attrdefs>
                <attrdomv>
                                        					
                    
                    <udom>Sequential unique whole numbers that are automatically generated.</udom>
                                        				
                
                </attrdomv>
            </attr>
            <attr>
                <attrlabl>Shape</attrlabl>
                <attrdef>Feature geometry.</attrdef>
                <attrdefs>ESRI</attrdefs>
                <attrdomv>
                                        					
                    
                    <udom>Coordinates defining the features.</udom>
                                        				
                
                </attrdomv>
            </attr>
            <attr>
                <attrlabl>NAME</attrlabl>
                <attrdef>Name of waterbody.</attrdef>
                <attrdomv>
                                        					
                    
                    <udom>free text</udom>
                                        				
                
                </attrdomv>
            </attr>
            <attr>
                <attrlabl>Acres</attrlabl>
                <attrdef>Calculated area of the associated polygon in acres.</attrdef>
                <attrdomv>
                                        					
                    
                    <rdom>
                                                						
                        
                        <rdommin>0.02</rdommin>
                                                						
                        
                        <rdommax>2406.75</rdommax>
                                                						
                        
                        <attrunit>acres</attrunit>
                                                						
                        
                        <attrmres>0.01</attrmres>
                                                					
                    
                    </rdom>
                                        				
                
                </attrdomv>
            </attr>
            <attr>
                <attrlabl>Shape_Length</attrlabl>
                <attrdef>Length of feature in internal units.</attrdef>
                <attrdefs>Esri</attrdefs>
                <attrdomv>
                                        					
                    
                    <udom>Positive real numbers that are automatically generated.</udom>
                                        				
                
                </attrdomv>
            </attr>
            <attr>
                <attrlabl>Shape_Area</attrlabl>
                <attrdef>Area of feature in internal units squared.</attrdef>
                <attrdefs>Esri</attrdefs>
                <attrdomv>
                                        					
                    
                    <udom>Positive real numbers that are automatically generated.</udom>
                                        				
                
                </attrdomv>
            </attr>
        </detailed>
    </eainfo>
    <distinfo>
        <distrib>
            <cntinfo>
                <cntorgp>
                    <cntorg>University of Rhode Island Environmental Data Center</cntorg>
                    <cntper>Erica Tefft</cntper>
                </cntorgp>
                <cntaddr>
                    <addrtype>mailing and physical</addrtype>
                    <address>1 Greenhouse Road</address>
                    <city>Kingston</city>
                    <state>RI</state>
                    <postal>02881</postal>
                </cntaddr>
                <cntvoice>401-874-5054</cntvoice>
                <cntemail>erica@edc.uri.edu</cntemail>
                <cntinst>email preferred</cntinst>
            </cntinfo>
        </distrib>
        <distliab>This dataset is provided 'as is.' The producer(s) of this dataset, contributors to this dataset, the Rhode Island Geographic Information System (RIGIS) consortium, the State of Rhode Island, and the University of Rhode Island do not make any warranties of any kind for this dataset, and are not liable for any loss or damage however and whenever caused by any use of this dataset.</distliab>
        <stdorder>
            <digform>
                <digtinfo>
                    <formname>Esri shapefile</formname>
                    <filedec>ZIP</filedec>
                </digtinfo>
                <digtopt>
                    <onlinopt>
                        <computer>
                            <networka>
                                <networkr>http://www.rigis.org</networkr>
                            </networka>
                        </computer>
                    </onlinopt>
                </digtopt>
            </digform>
            <fees>No fee for downloading directly from the RIGIS Data Distribution System located at http://www.rigis.org.</fees>
        </stdorder>
    </distinfo>
    <metainfo>
        <metd>20170106</metd>
        <metrd>20170106</metrd>
        <metc>
            <cntinfo>
                <cntorgp>
                    <cntorg>University of Rhode Island Environmental Data Center</cntorg>
                    <cntper>Greg Bonynge</cntper>
                </cntorgp>
                <cntaddr>
                    <addrtype>mailing and physical</addrtype>
                    <address>1 Greenhouse Road</address>
                    <city>Kingston</city>
                    <state>RI</state>
                    <postal>02881</postal>
                </cntaddr>
                <cntvoice>401-874-2180</cntvoice>
                <cntemail>greg@edc.uri.edu</cntemail>
                <cntinst>email preferred</cntinst>
            </cntinfo>
        </metc>
        <metstdn>FGDC Content Standard for Digital Geospatial Metadata</metstdn>
        <metstdv>FGDC-STD-001-1998</metstdv>
        <mettc>local time</mettc>
    </metainfo>
</metadata>
