<?xml version="1.0" encoding="UTF-8"?><metadata>
    <idinfo>
        <citation>
            <citeinfo>
                <origin/>
                <origin/>
                <pubdate>19890701</pubdate>
                <title>BND_Municipalities_1989</title>
                <geoform>vector digital data</geoform>
                <pubinfo>
                    <pubplace/>
                    <publish>RIGIS</publish>
                </pubinfo>
                <othercit>USGS has contributed these data into the Rhode Island Geographic Information System Database Suggested bibliographic reference: RIGIS, 1989. Municipal Boundaries (1989); muni89. Rhode Island Geographic Information System (RIGIS) Data Distribution System, URL: http://www.rigis.org, Environmental Data Center, University of Rhode Island, Kingston, Rhode Island (last date accessed: 16 July 2015).</othercit>
                <onlink>http://www.rigis.org</onlink>
                <onlink>http://data.rigis.org/bnd/muni89.zip</onlink>
                <lworkcit>
                    <citeinfo>
                        <pubdate>19930101</pubdate>
                        <title>Rhode Island Geographic Information System (RIGIS)</title>
                    </citeinfo>
                </lworkcit>
            </citeinfo>
        </citation>
        <descript>
            <abstract>***This dataset has been superseded by Municipal Boundaries (1997).*** It is intended for use with older legacy datasets that are still available from RIGIS.   Data includes municipality name, unique ID, city and town
name annotation coded attributes. 

These data were originally published by RIGIS in 1989.</abstract>
            <purpose>The dataset represents state, county, city, and town political boundaries for Rhode Island.</purpose>
        </descript>
        <timeperd>
            <timeinfo>
                <sngdate>
                    <caldate>19890101</caldate>
                </sngdate>
            </timeinfo>
            <current>publication date</current>
        </timeperd>
        <status>
            <progress>Complete</progress>
            <update>None planned</update>
        </status>
        <spdom>
            <bounding>
                <westbc>-71.900096</westbc>
                <eastbc>-71.1174</eastbc>
                <northbc>42.018935</northbc>
                <southbc>41.14552</southbc>
            </bounding>
        </spdom>
        <keywords>
            <theme>
                <themekt>ISO 19115 Topic Category</themekt>
                <themekey>boundaries</themekey>
            </theme>
            <theme>
                <themekt>None</themekt>
                <themekey>town lines</themekey>
                <themekey>cities</themekey>
                <themekey>counties</themekey>
                <themekey>Stateline</themekey>
                <themekey>towns</themekey>
            </theme>
            <place>
                <placekt>GNIS</placekt>
                <placekey>Rhode Island</placekey>
                <placekey>New England</placekey>
                <placekey>United States</placekey>
                <placekey>northeast</placekey>
            </place>
        </keywords>
        <accconst>None</accconst>
        <useconst>These
data are shared under the RIGIS license agreement, which can be viewed
below: 
This dataset is provided 'as is.’ The producer(s) of this dataset, contributors
to this dataset, the Rhode Island Geographic Information System (RIGIS)
consortium, the State of Rhode Island, and the University of Rhode Island do
not make any warranties of any kind for this dataset, and are not liable for
any loss or damage however and whenever caused by any use of this dataset.

Please acknowledge both RIGIS and the primary producer(s) of this dataset in
any derived products.  Versions of the RIGIS logo suitable for both
printed and web-based products are available at http://www.rigis.org/logos</useconst>
        <ptcontac>
            <cntinfo>
                <cntorgp>
                    <cntorg>Environmental Data Center, University of Rhode Island</cntorg>
                    <cntper>Erica Tefft</cntper>
                </cntorgp>
                <cntaddr>
                    <addrtype>mailing and physical</addrtype>
                    <address>1 Greenhouse Road</address>
                    <city>Kingston</city>
                    <state>RI</state>
                    <postal>02881</postal>
                </cntaddr>
                <cntvoice>401-874-5054</cntvoice>
                <cntemail>erica@edc.uri.edu</cntemail>
                <cntinst>email preferred</cntinst>
            </cntinfo>
        </ptcontac>
        <datacred>URIEDC; RIGIS; Icon credit: Maria Darron via The Noun Project</datacred>
        <native>Microsoft Windows 7 Version 6.1 (Build 7601) Service Pack 1; Esri ArcGIS 10.4.1.5686</native>
    </idinfo>
    <dataqual>
        <attracc>
            <attraccr>RIGIS standards 99 percent; manual inspection of attribute table files</attraccr>
        </attracc>
        <logic>visual comparison of overlay proof plot with source</logic>
        <complete>topologically complete arc-info polygon coverage RIGIS standards rms-002 fuzzy-005</complete>
        <posacc>
            <horizpa>
                <horizpar>plus or minus 50 feet</horizpar>
            </horizpa>
        </posacc>
        <lineage>
            <srcinfo>
                <srccite>
                    <citeinfo>
                        <pubdate>19890801</pubdate>
                        <title>U.S. census and RI coding</title>
                    </citeinfo>
                </srccite>
                <srcscale>24000</srcscale>
                <typesrc>None</typesrc>
                <srctime>
                    <timeinfo>
                        <sngdate>
                            <caldate>19890801</caldate>
                        </sngdate>
                    </timeinfo>
                    <srccurr>publication date</srccurr>
                </srctime>
                <srccitea>U.S. census and RI coding</srccitea>
                <srccontr>USGS Mylar 7-5 minute quad maps</srccontr>
            </srcinfo>
            <procstep>
                <procdesc>State coast and municipal boundaries manually digitized from the most recent available USGS mylar 7-5 minute quad maps.</procdesc>
                <procdate>19890801</procdate>
            </procstep>
            <procstep>
                <procdesc>Renamed dataset from "Municipalities" to "Municipal Boundaries (1989); muni89." Re-titled RIGIS shapefile download from "towns" to "muni89." Updated metadata title, abstract, suggested citation, access and use constraints, spatial reference information, distribution information, and metadata information. Deleted redundant attribute overview description.</procdesc>
                <procdate>20150716</procdate>
                <proccont>
                    <cntinfo>
                        <cntorgp>
                            <cntorg>Environmental Data Center, University of Rhode Island</cntorg>
                            <cntper>Greg Bonynge</cntper>
                        </cntorgp>
                        <cntpos>Geospatial Extension Specialist</cntpos>
                        <cntaddr>
                            <addrtype>mailing and physical</addrtype>
                            <address>1 Greenhouse Road</address>
                            <city>Kingston</city>
                            <state>Rhode Island</state>
                            <postal>02881</postal>
                            <country>US</country>
                        </cntaddr>
                        <cntvoice>401-874-2180</cntvoice>
                        <cntemail>greg@edc.uri.edu</cntemail>
                        <cntinst>email preferred</cntinst>
                    </cntinfo>
                </proccont>
            </procstep>
        </lineage>
    </dataqual>
    <spdoinfo>
        <direct>Vector</direct>
        <ptvctinf>
            <sdtsterm>
                <sdtstype>GT-polygon composed of chains</sdtstype>
                <ptvctcnt>311</ptvctcnt>
            </sdtsterm>
        </ptvctinf>
    </spdoinfo>
    <eainfo>
        <detailed>
            <enttyp>
                <enttypl>BND_Municipalities_1989</enttypl>
            </enttyp>
            <attr>
                <attrlabl>MCD</attrlabl>
                <attrdef>US Census Place/Minor Civil Division Codes</attrdef>
                <attrdefs>us census</attrdefs>
                <attrdomv>
                    					
                    <rdom>
                        						
                        <rdommin>5</rdommin>
                        						
                        <rdommax>80</rdommax>
                        					
                    </rdom>
                    				
                </attrdomv>
            </attr>
            <attr>
                <attrlabl>OSP</attrlabl>
                <attrdef>ri office of state planning municipal code</attrdef>
                <attrdefs>ri office of state planning</attrdefs>
                <attrdomv>
                    					
                    <edom>
                        						
                        <edomv>5</edomv>
                        						
                        <edomvd>Charlestown</edomvd>
                        						
                        <edomvds>ri office of state planning</edomvds>
                        					
                    </edom>
                    				
                </attrdomv>
                <attrdomv>
                    					
                    <edom>
                        						
                        <edomv>30</edomv>
                        						
                        <edomvd>Scituate</edomvd>
                        						
                        <edomvds>ri office of state planning</edomvds>
                        					
                    </edom>
                    				
                </attrdomv>
                <attrdomv>
                    					
                    <edom>
                        						
                        <edomv>7</edomv>
                        						
                        <edomvd>Cranston</edomvd>
                        						
                        <edomvds>ri office of state planning</edomvds>
                        					
                    </edom>
                    				
                </attrdomv>
                <attrdomv>
                    					
                    <edom>
                        						
                        <edomv>19</edomv>
                        						
                        <edomvd>Middletown</edomvd>
                        						
                        <edomvds>ri office of state planning</edomvds>
                        					
                    </edom>
                    				
                </attrdomv>
                <attrdomv>
                    					
                    <edom>
                        						
                        <edomv>17</edomv>
                        						
                        <edomvd>Lincoln</edomvd>
                        						
                        <edomvds>ri office of state planning</edomvds>
                        					
                    </edom>
                    				
                </attrdomv>
                <attrdomv>
                    					
                    <edom>
                        						
                        <edomv>25</edomv>
                        						
                        <edomvd>North Smithfield</edomvd>
                        						
                        <edomvds>ri office of state planning</edomvds>
                        					
                    </edom>
                    				
                </attrdomv>
                <attrdomv>
                    					
                    <edom>
                        						
                        <edomv>27</edomv>
                        						
                        <edomvd>Portsmouth</edomvd>
                        						
                        <edomvds>ri office of state planning</edomvds>
                        					
                    </edom>
                    				
                </attrdomv>
                <attrdomv>
                    					
                    <edom>
                        						
                        <edomv>38</edomv>
                        						
                        <edomvd>West Warwick</edomvd>
                        						
                        <edomvds>ri office of state planning</edomvds>
                        					
                    </edom>
                    				
                </attrdomv>
                <attrdomv>
                    					
                    <edom>
                        						
                        <edomv>37</edomv>
                        						
                        <edomvd>West Greenwich</edomvd>
                        						
                        <edomvds>ri office of state planning</edomvds>
                        					
                    </edom>
                    				
                </attrdomv>
                <attrdomv>
                    					
                    <edom>
                        						
                        <edomv>39</edomv>
                        						
                        <edomvd>Woonsocket</edomvd>
                        						
                        <edomvds>ri office of state planning</edomvds>
                        					
                    </edom>
                    				
                </attrdomv>
                <attrdomv>
                    					
                    <edom>
                        						
                        <edomv>34</edomv>
                        						
                        <edomvd>Warren</edomvd>
                        						
                        <edomvds>ri office of state planning</edomvds>
                        					
                    </edom>
                    				
                </attrdomv>
                <attrdomv>
                    					
                    <edom>
                        						
                        <edomv>29</edomv>
                        						
                        <edomvd>Richmond</edomvd>
                        						
                        <edomvds>ri office of state planning</edomvds>
                        					
                    </edom>
                    				
                </attrdomv>
                <attrdomv>
                    					
                    <edom>
                        						
                        <edomv>31</edomv>
                        						
                        <edomvd>Smithfield</edomvd>
                        						
                        <edomvds>ri office of state planning</edomvds>
                        					
                    </edom>
                    				
                </attrdomv>
                <attrdomv>
                    					
                    <edom>
                        						
                        <edomv>26</edomv>
                        						
                        <edomvd>Pawtucket</edomvd>
                        						
                        <edomvds>ri office of state planning</edomvds>
                        					
                    </edom>
                    				
                </attrdomv>
                <attrdomv>
                    					
                    <edom>
                        						
                        <edomv>21</edomv>
                        						
                        <edomvd>Newport</edomvd>
                        						
                        <edomvds>ri office of state planning</edomvds>
                        					
                    </edom>
                    				
                </attrdomv>
                <attrdomv>
                    					
                    <edom>
                        						
                        <edomv>24</edomv>
                        						
                        <edomvd>North Providence</edomvd>
                        						
                        <edomvds>ri office of state planning</edomvds>
                        					
                    </edom>
                    				
                </attrdomv>
                <attrdomv>
                    					
                    <edom>
                        						
                        <edomv>14</edomv>
                        						
                        <edomvd>Hopkinton</edomvd>
                        						
                        <edomvds>ri office of state planning</edomvds>
                        					
                    </edom>
                    				
                </attrdomv>
                <attrdomv>
                    					
                    <edom>
                        						
                        <edomv>16</edomv>
                        						
                        <edomvd>Johnston</edomvd>
                        						
                        <edomvds>ri office of state planning</edomvds>
                        					
                    </edom>
                    				
                </attrdomv>
                <attrdomv>
                    					
                    <edom>
                        						
                        <edomv>11</edomv>
                        						
                        <edomvd>Exeter</edomvd>
                        						
                        <edomvds>ri office of state planning</edomvds>
                        					
                    </edom>
                    				
                </attrdomv>
                <attrdomv>
                    					
                    <edom>
                        						
                        <edomv>15</edomv>
                        						
                        <edomvd>Jamestown</edomvd>
                        						
                        <edomvds>ri office of state planning</edomvds>
                        					
                    </edom>
                    				
                </attrdomv>
                <attrdomv>
                    					
                    <edom>
                        						
                        <edomv>36</edomv>
                        						
                        <edomvd>Westerly</edomvd>
                        						
                        <edomvds>ri office of state planning</edomvds>
                        					
                    </edom>
                    				
                </attrdomv>
                <attrdomv>
                    					
                    <edom>
                        						
                        <edomv>2</edomv>
                        						
                        <edomvd>Bristol</edomvd>
                        						
                        <edomvds>ri office of state planning</edomvds>
                        					
                    </edom>
                    				
                </attrdomv>
                <attrdomv>
                    					
                    <edom>
                        						
                        <edomv>33</edomv>
                        						
                        <edomvd>Tiverton</edomvd>
                        						
                        <edomvds>ri office of state planning</edomvds>
                        					
                    </edom>
                    				
                </attrdomv>
                <attrdomv>
                    					
                    <edom>
                        						
                        <edomv>22</edomv>
                        						
                        <edomvd>New Shoreham</edomvd>
                        						
                        <edomvds>ri office of state planning</edomvds>
                        					
                    </edom>
                    				
                </attrdomv>
                <attrdomv>
                    					
                    <edom>
                        						
                        <edomv>32</edomv>
                        						
                        <edomvd>South Kingstown</edomvd>
                        						
                        <edomvds>ri office of state planning</edomvds>
                        					
                    </edom>
                    				
                </attrdomv>
                <attrdomv>
                    					
                    <edom>
                        						
                        <edomv>23</edomv>
                        						
                        <edomvd>North Kingtown</edomvd>
                        						
                        <edomvds>ri office of state planning</edomvds>
                        					
                    </edom>
                    				
                </attrdomv>
                <attrdomv>
                    					
                    <edom>
                        						
                        <edomv>8</edomv>
                        						
                        <edomvd>Cumberland</edomvd>
                        						
                        <edomvds>ri office of state planning</edomvds>
                        					
                    </edom>
                    				
                </attrdomv>
                <attrdomv>
                    					
                    <edom>
                        						
                        <edomv>1</edomv>
                        						
                        <edomvd>Barrington</edomvd>
                        						
                        <edomvds>ri office of state planning</edomvds>
                        					
                    </edom>
                    				
                </attrdomv>
                <attrdomv>
                    					
                    <edom>
                        						
                        <edomv>4</edomv>
                        						
                        <edomvd>Central Falls</edomvd>
                        						
                        <edomvds>ri office of state planning</edomvds>
                        					
                    </edom>
                    				
                </attrdomv>
                <attrdomv>
                    					
                    <edom>
                        						
                        <edomv>28</edomv>
                        						
                        <edomvd>Providence</edomvd>
                        						
                        <edomvds>ri office of state planning</edomvds>
                        					
                    </edom>
                    				
                </attrdomv>
                <attrdomv>
                    					
                    <edom>
                        						
                        <edomv>3</edomv>
                        						
                        <edomvd>Burrillville</edomvd>
                        						
                        <edomvds>ri office of state planning</edomvds>
                        					
                    </edom>
                    				
                </attrdomv>
                <attrdomv>
                    					
                    <edom>
                        						
                        <edomv>18</edomv>
                        						
                        <edomvd>Little Compton</edomvd>
                        						
                        <edomvds>ri office of state planning</edomvds>
                        					
                    </edom>
                    				
                </attrdomv>
                <attrdomv>
                    					
                    <edom>
                        						
                        <edomv>20</edomv>
                        						
                        <edomvd>Narragansett</edomvd>
                        						
                        <edomvds>ri office of state planning</edomvds>
                        					
                    </edom>
                    				
                </attrdomv>
                <attrdomv>
                    					
                    <edom>
                        						
                        <edomv>35</edomv>
                        						
                        <edomvd>Warwick</edomvd>
                        						
                        <edomvds>ri office of state planning</edomvds>
                        					
                    </edom>
                    				
                </attrdomv>
                <attrdomv>
                    					
                    <edom>
                        						
                        <edomv>10</edomv>
                        						
                        <edomvd>East Providence</edomvd>
                        						
                        <edomvds>ri office of state planning</edomvds>
                        					
                    </edom>
                    				
                </attrdomv>
                <attrdomv>
                    					
                    <edom>
                        						
                        <edomv>6</edomv>
                        						
                        <edomvd>Coventry</edomvd>
                        						
                        <edomvds>ri office of state planning</edomvds>
                        					
                    </edom>
                    				
                </attrdomv>
                <attrdomv>
                    					
                    <edom>
                        						
                        <edomv>13</edomv>
                        						
                        <edomvd>Glocester</edomvd>
                        						
                        <edomvds>ri office of state planning</edomvds>
                        					
                    </edom>
                    				
                </attrdomv>
                <attrdomv>
                    					
                    <edom>
                        						
                        <edomv>12</edomv>
                        						
                        <edomvd>Foster</edomvd>
                        						
                        <edomvds>ri office of state planning</edomvds>
                        					
                    </edom>
                    				
                </attrdomv>
                <attrdomv>
                    					
                    <edom>
                        						
                        <edomv>9</edomv>
                        						
                        <edomvd>East Greenwich</edomvd>
                        						
                        <edomvds>ri office of state planning</edomvds>
                        					
                    </edom>
                    				
                </attrdomv>
            </attr>
            <attr>
                <attrlabl>COUNTY</attrlabl>
                <attrdef>ri county name</attrdef>
                <attrdefs>unknown</attrdefs>
                <attrdomv>
                    					
                    <udom>Free text field.</udom>
                    				
                </attrdomv>
            </attr>
            <attr>
                <attrlabl>OBJECTID</attrlabl>
                <attrdef>Internal feature number.</attrdef>
                <attrdefs>ESRI</attrdefs>
                <attrdomv>
                    					
                    <udom>Sequential unique whole numbers that are automatically generated.</udom>
                    				
                </attrdomv>
            </attr>
            <attr>
                <attrlabl>CFIPS_MCD</attrlabl>
                <attrdef>combined town and county fips code</attrdef>
                <attrdefs>us census</attrdefs>
                <attrdomv>
                    					
                    <edom>
                        						
                        <edomv>9022</edomv>
                        						
                        <edomvd>New Shoreham</edomvd>
                        						
                        <edomvds>us census</edomvds>
                        					
                    </edom>
                    				
                </attrdomv>
                <attrdomv>
                    					
                    <edom>
                        						
                        <edomv>7010</edomv>
                        						
                        <edomvd>Central Falls</edomvd>
                        						
                        <edomvds>us census</edomvds>
                        					
                    </edom>
                    				
                </attrdomv>
                <attrdomv>
                    					
                    <edom>
                        						
                        <edomv>5030</edomv>
                        						
                        <edomvd>Portsmouth</edomvd>
                        						
                        <edomvds>us census</edomvds>
                        					
                    </edom>
                    				
                </attrdomv>
                <attrdomv>
                    					
                    <edom>
                        						
                        <edomv>5005</edomv>
                        						
                        <edomvd>Jamestown</edomvd>
                        						
                        <edomvds>us census</edomvds>
                        					
                    </edom>
                    				
                </attrdomv>
                <attrdomv>
                    					
                    <edom>
                        						
                        <edomv>7020</edomv>
                        						
                        <edomvd>Cumberland</edomvd>
                        						
                        <edomvds>us census</edomvds>
                        					
                    </edom>
                    				
                </attrdomv>
                <attrdomv>
                    					
                    <edom>
                        						
                        <edomv>3010</edomv>
                        						
                        <edomvd>East Greenwich</edomvd>
                        						
                        <edomvds>us census</edomvds>
                        					
                    </edom>
                    				
                </attrdomv>
                <attrdomv>
                    					
                    <edom>
                        						
                        <edomv>7015</edomv>
                        						
                        <edomvd>Cranston</edomvd>
                        						
                        <edomvds>us census</edomvds>
                        					
                    </edom>
                    				
                </attrdomv>
                <attrdomv>
                    					
                    <edom>
                        						
                        <edomv>7040</edomv>
                        						
                        <edomvd>Johnston</edomvd>
                        						
                        <edomvds>us census</edomvds>
                        					
                    </edom>
                    				
                </attrdomv>
                <attrdomv>
                    					
                    <edom>
                        						
                        <edomv>7050</edomv>
                        						
                        <edomvd>North Providence</edomvd>
                        						
                        <edomvds>us census</edomvds>
                        					
                    </edom>
                    				
                </attrdomv>
                <attrdomv>
                    					
                    <edom>
                        						
                        <edomv>1015</edomv>
                        						
                        <edomvd>Warren</edomvd>
                        						
                        <edomvds>us census</edomvds>
                        					
                    </edom>
                    				
                </attrdomv>
                <attrdomv>
                    					
                    <edom>
                        						
                        <edomv>5015</edomv>
                        						
                        <edomvd>Middletown</edomvd>
                        						
                        <edomvds>us census</edomvds>
                        					
                    </edom>
                    				
                </attrdomv>
                <attrdomv>
                    					
                    <edom>
                        						
                        <edomv>5010</edomv>
                        						
                        <edomvd>Little Compton</edomvd>
                        						
                        <edomvds>us census</edomvds>
                        					
                    </edom>
                    				
                </attrdomv>
                <attrdomv>
                    					
                    <edom>
                        						
                        <edomv>3015</edomv>
                        						
                        <edomvd>Warwick</edomvd>
                        						
                        <edomvds>us census</edomvds>
                        					
                    </edom>
                    				
                </attrdomv>
                <attrdomv>
                    					
                    <edom>
                        						
                        <edomv>3020</edomv>
                        						
                        <edomvd>West Greenwich</edomvd>
                        						
                        <edomvds>us census</edomvds>
                        					
                    </edom>
                    				
                </attrdomv>
                <attrdomv>
                    					
                    <edom>
                        						
                        <edomv>9040</edomv>
                        						
                        <edomvd>Westerly</edomvd>
                        						
                        <edomvds>us census</edomvds>
                        					
                    </edom>
                    				
                </attrdomv>
                <attrdomv>
                    					
                    <edom>
                        						
                        <edomv>9020</edomv>
                        						
                        <edomvd>Narragansett</edomvd>
                        						
                        <edomvds>us census</edomvds>
                        					
                    </edom>
                    				
                </attrdomv>
                <attrdomv>
                    					
                    <edom>
                        						
                        <edomv>7045</edomv>
                        						
                        <edomvd>Lincoln</edomvd>
                        						
                        <edomvds>us census</edomvds>
                        					
                    </edom>
                    				
                </attrdomv>
                <attrdomv>
                    					
                    <edom>
                        						
                        <edomv>9025</edomv>
                        						
                        <edomvd>North Kingtown</edomvd>
                        						
                        <edomvds>us census</edomvds>
                        					
                    </edom>
                    				
                </attrdomv>
                <attrdomv>
                    					
                    <edom>
                        						
                        <edomv>7035</edomv>
                        						
                        <edomvd>Glocester</edomvd>
                        						
                        <edomvds>us census</edomvds>
                        					
                    </edom>
                    				
                </attrdomv>
                <attrdomv>
                    					
                    <edom>
                        						
                        <edomv>9015</edomv>
                        						
                        <edomvd>Hopkinton</edomvd>
                        						
                        <edomvds>us census</edomvds>
                        					
                    </edom>
                    				
                </attrdomv>
                <attrdomv>
                    					
                    <edom>
                        						
                        <edomv>7025</edomv>
                        						
                        <edomvd>East Providence</edomvd>
                        						
                        <edomvds>us census</edomvds>
                        					
                    </edom>
                    				
                </attrdomv>
                <attrdomv>
                    					
                    <edom>
                        						
                        <edomv>5035</edomv>
                        						
                        <edomvd>Tiverton</edomvd>
                        						
                        <edomvds>us census</edomvds>
                        					
                    </edom>
                    				
                </attrdomv>
                <attrdomv>
                    					
                    <edom>
                        						
                        <edomv>5020</edomv>
                        						
                        <edomvd>Newport</edomvd>
                        						
                        <edomvds>us census</edomvds>
                        					
                    </edom>
                    				
                </attrdomv>
                <attrdomv>
                    					
                    <edom>
                        						
                        <edomv>7065</edomv>
                        						
                        <edomvd>Providence</edomvd>
                        						
                        <edomvds>us census</edomvds>
                        					
                    </edom>
                    				
                </attrdomv>
                <attrdomv>
                    					
                    <edom>
                        						
                        <edomv>7070</edomv>
                        						
                        <edomvd>Scituate</edomvd>
                        						
                        <edomvds>us census</edomvds>
                        					
                    </edom>
                    				
                </attrdomv>
                <attrdomv>
                    					
                    <edom>
                        						
                        <edomv>7005</edomv>
                        						
                        <edomvd>Burrillville</edomvd>
                        						
                        <edomvds>us census</edomvds>
                        					
                    </edom>
                    				
                </attrdomv>
                <attrdomv>
                    					
                    <edom>
                        						
                        <edomv>1010</edomv>
                        						
                        <edomvd>Bristol</edomvd>
                        						
                        <edomvds>us census</edomvds>
                        					
                    </edom>
                    				
                </attrdomv>
                <attrdomv>
                    					
                    <edom>
                        						
                        <edomv>3025</edomv>
                        						
                        <edomvd>West Warwick</edomvd>
                        						
                        <edomvds>us census</edomvds>
                        					
                    </edom>
                    				
                </attrdomv>
                <attrdomv>
                    					
                    <edom>
                        						
                        <edomv>7030</edomv>
                        						
                        <edomvd>Foster</edomvd>
                        						
                        <edomvds>us census</edomvds>
                        					
                    </edom>
                    				
                </attrdomv>
                <attrdomv>
                    					
                    <edom>
                        						
                        <edomv>7075</edomv>
                        						
                        <edomvd>Smithfield</edomvd>
                        						
                        <edomvds>us census</edomvds>
                        					
                    </edom>
                    				
                </attrdomv>
                <attrdomv>
                    					
                    <edom>
                        						
                        <edomv>9005</edomv>
                        						
                        <edomvd>Charlestown</edomvd>
                        						
                        <edomvds>us census</edomvds>
                        					
                    </edom>
                    				
                </attrdomv>
                <attrdomv>
                    					
                    <edom>
                        						
                        <edomv>7060</edomv>
                        						
                        <edomvd>Pawtucket</edomvd>
                        						
                        <edomvds>us census</edomvds>
                        					
                    </edom>
                    				
                </attrdomv>
                <attrdomv>
                    					
                    <edom>
                        						
                        <edomv>7080</edomv>
                        						
                        <edomvd>Woonsocket</edomvd>
                        						
                        <edomvds>us census</edomvds>
                        					
                    </edom>
                    				
                </attrdomv>
                <attrdomv>
                    					
                    <edom>
                        						
                        <edomv>7055</edomv>
                        						
                        <edomvd>North Smithfield</edomvd>
                        						
                        <edomvds>us census</edomvds>
                        					
                    </edom>
                    				
                </attrdomv>
                <attrdomv>
                    					
                    <edom>
                        						
                        <edomv>9035</edomv>
                        						
                        <edomvd>South Kingstown</edomvd>
                        						
                        <edomvds>us census</edomvds>
                        					
                    </edom>
                    				
                </attrdomv>
                <attrdomv>
                    					
                    <edom>
                        						
                        <edomv>3005</edomv>
                        						
                        <edomvd>Coventry</edomvd>
                        						
                        <edomvds>us census</edomvds>
                        					
                    </edom>
                    				
                </attrdomv>
                <attrdomv>
                    					
                    <edom>
                        						
                        <edomv>9010</edomv>
                        						
                        <edomvd>Exeter</edomvd>
                        						
                        <edomvds>us census</edomvds>
                        					
                    </edom>
                    				
                </attrdomv>
                <attrdomv>
                    					
                    <edom>
                        						
                        <edomv>1005</edomv>
                        						
                        <edomvd>Barrington</edomvd>
                        						
                        <edomvds>us census</edomvds>
                        					
                    </edom>
                    				
                </attrdomv>
                <attrdomv>
                    					
                    <edom>
                        						
                        <edomv>9030</edomv>
                        						
                        <edomvd>Richmond</edomvd>
                        						
                        <edomvds>us census</edomvds>
                        					
                    </edom>
                    				
                </attrdomv>
            </attr>
            <attr>
                <attrlabl>CFIPS</attrlabl>
                <attrdef>county federal info processing standards code</attrdef>
                <attrdefs>us census</attrdefs>
                <attrdomv>
                    					
                    <edom>
                        						
                        <edomv>7</edomv>
                        						
                        <edomvd>Providence County</edomvd>
                        						
                        <edomvds>us census</edomvds>
                        					
                    </edom>
                    				
                </attrdomv>
                <attrdomv>
                    					
                    <edom>
                        						
                        <edomv>1</edomv>
                        						
                        <edomvd>Bristol County</edomvd>
                        						
                        <edomvds>us census</edomvds>
                        					
                    </edom>
                    				
                </attrdomv>
                <attrdomv>
                    					
                    <edom>
                        						
                        <edomv>5</edomv>
                        						
                        <edomvd>Newport County</edomvd>
                        						
                        <edomvds>us census</edomvds>
                        					
                    </edom>
                    				
                </attrdomv>
                <attrdomv>
                    					
                    <edom>
                        						
                        <edomv>3</edomv>
                        						
                        <edomvd>Kent County</edomvd>
                        						
                        <edomvds>us census</edomvds>
                        					
                    </edom>
                    				
                </attrdomv>
                <attrdomv>
                    					
                    <edom>
                        						
                        <edomv>9</edomv>
                        						
                        <edomvd>Washington County</edomvd>
                        						
                        <edomvds>us census</edomvds>
                        					
                    </edom>
                    				
                </attrdomv>
            </attr>
            <attr>
                <attrlabl>NAME</attrlabl>
                <attrdef>city and town names</attrdef>
                <attrdefs>usgs-uri-edc</attrdefs>
                <attrdomv>
                    					
                    <udom>Free text field.</udom>
                    				
                </attrdomv>
            </attr>
            <attr>
                <attrlabl>Shape</attrlabl>
                <attrdef>Feature geometry.</attrdef>
                <attrdefs>ESRI</attrdefs>
                <attrdomv>
                    					
                    <udom>Coordinates defining the features.</udom>
                    				
                </attrdomv>
            </attr>
            <attr>
                <attrlabl>Shape_Length</attrlabl>
                <attrdef>Length of feature in internal units.</attrdef>
                <attrdefs>Esri</attrdefs>
                <attrdomv>
                    					
                    <udom>Positive real numbers that are automatically generated.</udom>
                    				
                </attrdomv>
            </attr>
            <attr>
                <attrlabl>Shape_Area</attrlabl>
                <attrdef>Area of feature in internal units squared.</attrdef>
                <attrdefs>Esri</attrdefs>
                <attrdomv>
                    					
                    <udom>Positive real numbers that are automatically generated.</udom>
                    				
                </attrdomv>
            </attr>
        </detailed>
    </eainfo>
    <distinfo>
        <distrib>
            <cntinfo>
                <cntorgp>
                    <cntorg>University of Rhode Island Environmental Data Center</cntorg>
                    <cntper>Erica Tefft</cntper>
                </cntorgp>
                <cntaddr>
                    <addrtype>mailing and physical</addrtype>
                    <address>1 Greenhouse Road</address>
                    <city>Kingston</city>
                    <state>RI</state>
                    <postal>02881</postal>
                </cntaddr>
                <cntvoice>401-874-5054</cntvoice>
                <cntemail>erica@edc.uri.edu</cntemail>
                <cntinst>email preferred</cntinst>
            </cntinfo>
        </distrib>
        <distliab>This dataset is provided 'as is.' The producer(s) of this dataset, contributors to this dataset, the Rhode Island Geographic Information System (RIGIS) consortium, the State of Rhode Island, and the University of Rhode Island do not make any warranties of any kind for this dataset, and are not liable for any loss or damage however and whenever caused by any use of this dataset.</distliab>
        <stdorder>
            <digform>
                <digtinfo>
                    <formname>Esri shapefile</formname>
                    <filedec>ZIP</filedec>
                </digtinfo>
                <digtopt>
                    <onlinopt>
                        <computer>
                            <networka>
                                <networkr>http://www.rigis.org</networkr>
                            </networka>
                        </computer>
                    </onlinopt>
                </digtopt>
            </digform>
            <fees>No fee for downloading directly from the RIGIS Data Distribution System located at http://www.edc.uri.edu/rigis.</fees>
        </stdorder>
    </distinfo>
    <metainfo>
        <metd>20161115</metd>
        <metrd>20150716</metrd>
        <metc>
            <cntinfo>
                <cntorgp>
                    <cntorg>University of Rhode Island Environmental Data Center</cntorg>
                    <cntper>Erica Tefft</cntper>
                </cntorgp>
                <cntaddr>
                    <addrtype>mailing and physical</addrtype>
                    <address>1 Greenhouse Road</address>
                    <city>Kingston</city>
                    <state>RI</state>
                    <postal>02881</postal>
                </cntaddr>
                <cntvoice>401-874-5054</cntvoice>
                <cntemail>erica@edc.uri.edu</cntemail>
                <cntinst>email preferred</cntinst>
            </cntinfo>
        </metc>
        <metstdn>FGDC Content Standard for Digital Geospatial Metadata</metstdn>
        <metstdv>FGDC-STD-001-1998</metstdv>
        <mettc>local time</mettc>
    </metainfo>
</metadata>
